{"features/step_definitions/wait_steps.rb:1":{"total_count":8,"passed":{"count":8,"feature_location":{"features/scenario_outline.feature:4":[0.100602968,0.301328917],"features/scenario_outline.feature:5":[0.200772019,0.200772019],"features/scenario_outline.feature:6":[0.301328917,0.100602968],"features/scenario_outline.feature:7":[0.200772019,0.200772019]}},"failed":{"count":0,"feature_location":{}},"skipped":{"count":0,"feature_location":{}},"undefined":{"count":0,"feature_location":{}},"regexp":"/^I wait ([\\d\\.]+) seconds$/","fastest":0.100602968,"slowest":0.301328917,"average":0.20086898074999998,"total_duration":1.6069518459999999,"standard_deviation":0.07096740608775826,"variation":0.20072594899999996,"variance":0.005036372726824787}}